<TICKER>;<PER>;<DATE>;<TIME>;<OPEN>;<HIGH>;<LOW>;<CLOSE>;<VOL>
ROSN;60;02/09/24;110000;473.2;474.8;469.3;469.65;672001
ROSN;60;02/09/24;120000;469.65;472.3;466.05;468.75;762222
ROSN;60;02/09/24;130000;468.75;472.5;468.05;469.25;472250
ROSN;60;02/09/24;140000;469.5;473;469.5;471.65;488374
ROSN;60;02/09/24;150000;471.8;472;466.2;466.25;347778
ROSN;60;02/09/24;160000;466.35;466.35;460.65;461.05;521715
ROSN;60;02/09/24;170000;461.1;464;460.65;463.45;439300
ROSN;60;02/09/24;180000;463.6;468.35;463.3;464.5;709760
ROSN;60;02/09/24;190000;464.35;466.05;455.6;457.85;1374087
ROSN;60;02/09/24;200000;457.9;460.45;455.85;456.95;541732
ROSN;60;02/09/24;210000;457.1;457.3;451;452;370277
ROSN;60;02/09/24;220000;452;453.4;450.25;453.2;252575
ROSN;60;02/09/24;230000;453.2;455.5;452.8;454.65;158737
ROSN;60;03/09/24;000000;454.55;455.45;454.25;455.05;67140
ROSN;60;03/09/24;110000;456.45;465.45;452.85;456;1334953
ROSN;60;03/09/24;120000;456;466.3;455.5;465.3;1030652
ROSN;60;03/09/24;130000;465.3;469;461.75;468.85;997048
ROSN;60;03/09/24;140000;468.85;471.7;468.2;468.35;730988
ROSN;60;03/09/24;150000;468.4;468.5;463.4;464.35;541208
ROSN;60;03/09/24;160000;464.5;467.6;462.7;463.95;568431
ROSN;60;03/09/24;170000;464;466.7;463.55;465.75;468042
ROSN;60;03/09/24;180000;465.7;465.8;460.05;461.3;1104478
ROSN;60;03/09/24;190000;461.3;464.45;458.15;462.55;498979
ROSN;60;03/09/24;200000;463;466;462;462.95;224268
ROSN;60;03/09/24;210000;462.95;464.6;462.9;463.6;76336
ROSN;60;03/09/24;220000;463.6;469.3;463.6;467.7;275457
ROSN;60;03/09/24;230000;467.7;468.35;467.05;468.1;101816
ROSN;60;04/09/24;000000;468.1;468.95;466.65;468.85;126685
ROSN;60;04/09/24;110000;467.8;470.45;464;466.9;908920
ROSN;60;04/09/24;120000;467.05;470.7;466.4;466.6;609030
ROSN;60;04/09/24;130000;466.6;468;464.85;466.75;328755
ROSN;60;04/09/24;140000;466.65;469.7;465.7;469.5;278700
ROSN;60;04/09/24;150000;469.55;469.95;465;469.05;635357
ROSN;60;04/09/24;160000;469.05;475.35;468.9;473.5;1046570
ROSN;60;04/09/24;170000;473.5;475.1;472.35;473.1;647950
ROSN;60;04/09/24;180000;473.2;474.4;472.55;473.7;183702
ROSN;60;04/09/24;190000;473.7;476.15;472.65;475.25;361534
ROSN;60;04/09/24;200000;475.75;483.55;475.35;479.1;483061
ROSN;60;04/09/24;210000;479.1;479.5;478.2;479.2;116208
ROSN;60;04/09/24;220000;479;479.1;476.2;476.7;91560
ROSN;60;04/09/24;230000;476.7;477.45;476.4;477.4;35332
ROSN;60;05/09/24;000000;477.4;478;477.2;477.75;27671
ROSN;60;05/09/24;110000;480.35;480.7;474.75;476.65;559791
ROSN;60;05/09/24;120000;476.65;478.2;475.35;477.25;211463
ROSN;60;05/09/24;130000;477.25;484.2;477.15;482.35;530071
ROSN;60;05/09/24;140000;482.3;483.9;481;481.85;391130
ROSN;60;05/09/24;150000;481.85;485.75;481.5;483.65;422571
ROSN;60;05/09/24;160000;483.7;485;480.9;484.55;437794
ROSN;60;05/09/24;170000;484.7;486.75;482.75;483.1;269610
ROSN;60;05/09/24;180000;483.1;483.45;480.5;482.15;188148
ROSN;60;05/09/24;190000;482.1;482.2;480.35;480.4;281746
ROSN;60;05/09/24;200000;480.35;480.95;477.3;477.65;148798
ROSN;60;05/09/24;210000;477.85;480.6;477.6;479.35;96590
ROSN;60;05/09/24;220000;479.35;479.5;476.9;477.75;107286
ROSN;60;05/09/24;230000;477.75;478.3;476.7;476.8;45330
ROSN;60;06/09/24;000000;476.65;477.9;476.65;477.15;32017
ROSN;60;06/09/24;110000;477.2;480.9;476.05;478.8;284496
ROSN;60;06/09/24;120000;478.8;482;476.35;477.35;218901
ROSN;60;06/09/24;130000;477.35;478.35;476;477.55;213332
ROSN;60;06/09/24;140000;477.45;477.45;475;476.15;123034
ROSN;60;06/09/24;150000;476.2;477.65;475.3;476.15;97138
ROSN;60;06/09/24;160000;476.2;481.95;475.85;481.75;177296
ROSN;60;06/09/24;170000;481.8;484.75;481;483.65;197095
ROSN;60;06/09/24;180000;483.65;484;476.5;476.65;237440
ROSN;60;06/09/24;190000;476.65;477.5;475;476.4;264138
ROSN;60;06/09/24;200000;476.9;478.45;475.85;477.75;77717
ROSN;60;06/09/24;210000;477.75;478.85;477.55;478.4;62297
ROSN;60;06/09/24;220000;478.55;479.1;477.75;477.85;48376
ROSN;60;06/09/24;230000;477.85;479.75;477.8;479.45;47768
ROSN;60;07/09/24;000000;479.45;479.45;478.7;479.1;44364
ROSN;60;09/09/24;110000;479.9;483.85;479.85;482.7;423089
ROSN;60;09/09/24;120000;482.7;484.9;482.6;483.7;200068
ROSN;60;09/09/24;130000;483.7;487;483;486.25;223111
ROSN;60;09/09/24;140000;486.25;488.6;485.45;488.3;289788
ROSN;60;09/09/24;150000;488.3;488.3;486;487.1;144698
ROSN;60;09/09/24;160000;487.1;490.65;487.05;489.55;299029
ROSN;60;09/09/24;170000;489.5;490.2;488;488.95;213839
ROSN;60;09/09/24;180000;488.95;490.45;488.9;488.9;226644
ROSN;60;09/09/24;190000;488.95;489.95;486.45;489.95;278201
ROSN;60;09/09/24;200000;489.05;494;489.05;493.25;354524
ROSN;60;09/09/24;210000;493.4;493.9;492.15;492.8;131596
ROSN;60;09/09/24;220000;492.8;494;492.55;492.9;68232
ROSN;60;09/09/24;230000;492.95;493.8;492.25;493.7;54120
ROSN;60;10/09/24;000000;493.65;494.2;493.4;493.8;97697
ROSN;60;10/09/24;110000;494.15;496.25;490.2;490.5;561959
ROSN;60;10/09/24;120000;490.5;495.1;488.1;492.2;643493
ROSN;60;10/09/24;130000;492.3;492.8;488.6;490.2;346023
ROSN;60;10/09/24;140000;490.1;492.45;489.25;490.35;236214
ROSN;60;10/09/24;150000;490.3;490.95;488.1;488.25;247913
ROSN;60;10/09/24;160000;488.25;489;486.25;487.9;255529
ROSN;60;10/09/24;170000;488.1;488.8;487.5;488.75;92179
ROSN;60;10/09/24;180000;488.65;488.75;476.75;479.65;840504
ROSN;60;10/09/24;190000;479.55;480.25;477.1;478.9;191649
ROSN;60;10/09/24;200000;478.9;478.9;476.2;478.15;305769
ROSN;60;10/09/24;210000;478.15;480.45;478.15;478.6;73907
ROSN;60;10/09/24;220000;478.7;481;478.65;481;73311
ROSN;60;10/09/24;230000;480.85;483;480.4;482.9;92296
ROSN;60;11/09/24;000000;482.95;483;482;482.35;45232
ROSN;60;11/09/24;110000;482.5;483.9;478.55;480.2;345654
ROSN;60;11/09/24;120000;480.2;481.1;479.35;479.95;220279
ROSN;60;11/09/24;130000;480;480.9;478.25;479.75;114335
ROSN;60;11/09/24;140000;479.75;480.95;479;479.65;82265
ROSN;60;11/09/24;150000;479.65;480.2;477.25;479.9;194491
ROSN;60;11/09/24;160000;479.95;483.1;479.35;483;395809
ROSN;60;11/09/24;170000;482.95;485.5;482.3;484.25;355750
ROSN;60;11/09/24;180000;484.3;487.7;483.3;485;377103
ROSN;60;11/09/24;190000;485.1;489.5;484.15;487.8;276281
ROSN;60;11/09/24;200000;487.8;487.8;482.65;483.45;266772
ROSN;60;11/09/24;210000;483.45;484.8;479.25;479.7;215750
ROSN;60;11/09/24;220000;479.8;482.25;479;479.9;128890
ROSN;60;11/09/24;230000;479.8;479.8;475.35;477.45;165251
ROSN;60;12/09/24;000000;477.45;479.1;477.3;477.75;68011
ROSN;60;12/09/24;110000;478.7;480.95;476.1;477.2;400624
ROSN;60;12/09/24;120000;477.2;478.85;475.6;477.7;253973
ROSN;60;12/09/24;130000;477.8;478.45;474.1;476.45;534785
ROSN;60;12/09/24;140000;476.45;478.05;474.55;477.8;206537
ROSN;60;12/09/24;150000;477.75;479.25;477;478.3;221285
ROSN;60;12/09/24;160000;478.3;481.95;475.4;477.5;500343
ROSN;60;12/09/24;170000;477.4;480.75;477;480.75;236196
ROSN;60;12/09/24;180000;480.7;483;480.1;482.85;353358
ROSN;60;12/09/24;190000;482.75;484.7;482;483.5;252853
ROSN;60;12/09/24;200000;483.55;483.55;480.6;481.65;137257
ROSN;60;12/09/24;210000;481.7;484.3;481;484.2;90094
ROSN;60;12/09/24;220000;484.2;489.1;484.1;488.6;305054
ROSN;60;12/09/24;230000;488.75;489.85;487.6;487.9;117727
ROSN;60;13/09/24;000000;487.85;489.85;487.8;488.45;83451
ROSN;60;13/09/24;110000;488.35;489.35;481.35;482.5;798528
ROSN;60;13/09/24;120000;482.45;483.6;480.85;482.45;255456
ROSN;60;13/09/24;130000;482.3;483.3;481.6;481.85;168111
ROSN;60;13/09/24;140000;481.8;486;480.1;481.75;1022815
ROSN;60;13/09/24;150000;481.85;482.85;478;482.2;663178
ROSN;60;13/09/24;160000;482;484.85;480.05;484.45;309126
ROSN;60;13/09/24;170000;484.45;488.6;484.15;486.5;480368
ROSN;60;13/09/24;180000;486.5;492.8;486.15;491.8;384271
ROSN;60;13/09/24;190000;492;497.3;491.35;496.05;431489
ROSN;60;13/09/24;200000;496;496.8;493.65;494.95;152088
ROSN;60;13/09/24;210000;495;495;492.4;493.25;62866
ROSN;60;13/09/24;220000;493.25;495.5;493.2;495.25;44018
ROSN;60;13/09/24;230000;495.2;496.85;494.75;496.4;55761
ROSN;60;14/09/24;000000;496.4;498.5;496.25;498;147553
ROSN;60;16/09/24;110000;500.9;503.7;498.3;499.65;534728
ROSN;60;16/09/24;120000;499.7;504;499.45;503.05;656767
ROSN;60;16/09/24;130000;503.05;507.1;502.9;506.8;562488
ROSN;60;16/09/24;140000;506.8;511.15;506.45;510;647440
ROSN;60;16/09/24;150000;509.95;511.75;509.65;510.7;503518
ROSN;60;16/09/24;160000;510.65;514.5;510.5;513.75;561217
ROSN;60;16/09/24;170000;513.85;515.65;513.7;513.95;564678
ROSN;60;16/09/24;180000;513.9;514.95;513.6;514.5;456278
ROSN;60;16/09/24;190000;514.5;515;513.45;514.3;289470
ROSN;60;16/09/24;200000;514.95;514.95;514.05;514.1;60836
ROSN;60;16/09/24;210000;514.1;515;513.8;514.8;79590
ROSN;60;16/09/24;220000;514.85;515.3;514.35;515.15;98876
ROSN;60;16/09/24;230000;515.15;516.4;514.5;516;87493
ROSN;60;17/09/24;000000;516.1;516.5;515.8;516.3;40554
ROSN;60;17/09/24;110000;518.45;519.5;509.2;511.05;783294
ROSN;60;17/09/24;120000;511.2;514.6;508.3;513.5;474606
ROSN;60;17/09/24;130000;513.5;515.5;511;512.3;167928
ROSN;60;17/09/24;140000;512.3;512.85;511.25;511.85;141732
ROSN;60;17/09/24;150000;511.85;512.3;509.05;509.95;235687
ROSN;60;17/09/24;160000;509.8;511.2;508.35;510.8;232593
ROSN;60;17/09/24;170000;510.8;515.4;510.05;515;291740
ROSN;60;17/09/24;180000;515;519.35;514.05;518.45;317228
ROSN;60;17/09/24;190000;518.45;518.75;516.1;517.55;197233
ROSN;60;17/09/24;200000;517.55;518.8;517.15;518.35;68839
ROSN;60;17/09/24;210000;518.35;518.35;517.6;517.7;56956
ROSN;60;17/09/24;220000;517.85;518.15;517.5;517.55;43728
ROSN;60;17/09/24;230000;517.55;517.95;516.75;517.8;32440
ROSN;60;18/09/24;000000;517.75;518.2;517.5;517.95;19883
ROSN;60;18/09/24;110000;517.9;519.9;514.5;517.4;481960
ROSN;60;18/09/24;120000;517.4;517.4;512.2;513.8;426437
ROSN;60;18/09/24;130000;513.8;514.75;511.6;512.5;221803
ROSN;60;18/09/24;140000;512.6;513;506.15;509.6;585253
ROSN;60;18/09/24;150000;509.6;511.4;507.6;507.85;223401
ROSN;60;18/09/24;160000;507.85;511.7;507.6;509.75;154595
ROSN;60;18/09/24;170000;509.9;513.55;509.05;512.6;168006
ROSN;60;18/09/24;180000;512.6;514.35;511.2;511.3;127064
ROSN;60;18/09/24;190000;511.3;511.55;509.25;509.5;110031
ROSN;60;18/09/24;200000;509.7;510.3;508.5;510.15;54169
ROSN;60;18/09/24;210000;510.15;510.7;510;510.65;34286
ROSN;60;18/09/24;220000;510.65;511.45;510.45;510.8;35803
ROSN;60;18/09/24;230000;510.7;511.2;510.2;510.75;30922
ROSN;60;19/09/24;000000;510.75;510.85;510.2;510.25;28096
ROSN;60;19/09/24;110000;511.35;512.15;507.2;510;253400
ROSN;60;19/09/24;120000;509.85;515.5;509.55;513.9;347007
ROSN;60;19/09/24;130000;513.85;516.2;513.1;515;329155
ROSN;60;19/09/24;140000;515;515.15;513.1;513.1;214327
ROSN;60;19/09/24;150000;513.1;513.95;511;513.95;228373
ROSN;60;19/09/24;160000;513.85;513.95;509;511.35;601447
ROSN;60;19/09/24;170000;511.45;512.75;510.25;511;236705
ROSN;60;19/09/24;180000;511.05;512.75;510.35;511.25;295142
ROSN;60;19/09/24;190000;511.3;512.5;510.85;511.6;119302
ROSN;60;19/09/24;200000;511.6;512.4;511.3;512;50478
ROSN;60;19/09/24;210000;512;512.8;511.85;512.8;47914
ROSN;60;19/09/24;220000;512.8;512.8;511.75;512.65;37574
ROSN;60;19/09/24;230000;512.5;512.65;511.1;511.15;13962
ROSN;60;20/09/24;000000;511.2;513.45;511.1;512.55;43043
ROSN;60;20/09/24;110000;512.45;514.95;510.75;511.85;470481
ROSN;60;20/09/24;120000;511.85;517.75;511.45;517.4;917665
ROSN;60;20/09/24;130000;517.45;521.8;517.05;520.55;801768
ROSN;60;20/09/24;140000;520.5;521.95;519.4;521.75;594452
ROSN;60;20/09/24;150000;521.85;527;521.6;526.9;894122
ROSN;60;20/09/24;160000;526.95;528.25;523.3;525.75;971182
ROSN;60;20/09/24;170000;525.75;528.15;525.55;526.15;720419
ROSN;60;20/09/24;180000;526.15;527.3;524.95;527.2;416266
ROSN;60;20/09/24;190000;527;527.85;525.15;526.2;265675
ROSN;60;20/09/24;200000;526.5;526.85;525.85;526.4;83776
ROSN;60;20/09/24;210000;526.4;526.6;526.2;526.4;82875
ROSN;60;20/09/24;220000;526.55;526.55;525.9;526.2;60938
ROSN;60;20/09/24;230000;526.2;527.8;525.9;527.35;194920
ROSN;60;21/09/24;000000;527.55;528.15;527.3;528.15;152688
ROSN;60;23/09/24;110000;528.95;532;527;527.95;903171
ROSN;60;23/09/24;120000;528;530.35;527.8;528.45;342193
ROSN;60;23/09/24;130000;528.25;528.55;523.5;524.35;641728
ROSN;60;23/09/24;140000;524.35;526.2;523.45;525.95;598447
ROSN;60;23/09/24;150000;525.9;526.55;525.05;526.45;160596
ROSN;60;23/09/24;160000;526.4;527.2;525;525.75;198242
ROSN;60;23/09/24;170000;525.75;528.35;525.7;528.3;206765
ROSN;60;23/09/24;180000;528.4;529.9;527.7;529.8;232098
ROSN;60;23/09/24;190000;529.75;529.95;527;527.3;240931
ROSN;60;23/09/24;200000;527.05;528.85;526.1;527.6;148331
ROSN;60;23/09/24;210000;527.6;527.8;526.35;526.5;112703
ROSN;60;23/09/24;220000;526.55;526.9;526.45;526.9;40879
ROSN;60;23/09/24;230000;526.9;526.9;526.7;526.8;83051
ROSN;60;24/09/24;000000;526.8;526.8;526;526.1;47692
ROSN;60;24/09/24;110000;526.65;526.9;518.6;519.45;945309
ROSN;60;24/09/24;120000;519.5;521.4;517.7;521.25;618010
ROSN;60;24/09/24;130000;521.5;525.7;520.85;522.5;710256
ROSN;60;24/09/24;140000;522.5;523.85;522;522;131166
ROSN;60;24/09/24;150000;522.05;522.3;520;521.25;123025
ROSN;60;24/09/24;160000;521.25;522.65;520.25;521.8;111835
ROSN;60;24/09/24;170000;521.8;522.65;521.35;522.5;123116
ROSN;60;24/09/24;180000;522.5;525;522.2;524.75;171874
ROSN;60;24/09/24;190000;524.75;525.25;522.4;523.6;120075
ROSN;60;24/09/24;200000;523.85;523.9;522.5;523.15;40982
ROSN;60;24/09/24;210000;523.1;524.35;522.3;522.75;73303
ROSN;60;24/09/24;220000;522.7;523.15;522;522.55;39978
ROSN;60;24/09/24;230000;522.55;523.6;522.4;523.15;31057
ROSN;60;25/09/24;000000;523.15;523.2;522;522.1;26796
ROSN;60;25/09/24;110000;521.6;521.8;516.5;518;313104
ROSN;60;25/09/24;120000;518;520.7;517.15;519.6;149457
ROSN;60;25/09/24;130000;519.55;524.95;518.4;522.15;299941
ROSN;60;25/09/24;140000;522.15;523.1;521.1;522.55;141657
ROSN;60;25/09/24;150000;522.5;522.95;518.8;519;282945
ROSN;60;25/09/24;160000;518.8;519.65;517.55;518.15;237926
ROSN;60;25/09/24;170000;518.15;518.2;514.3;514.95;397388
ROSN;60;25/09/24;180000;515;516.9;512.3;515.3;452385
ROSN;60;25/09/24;190000;515.3;516.45;513.2;513.2;235056
ROSN;60;25/09/24;200000;514.25;515;510.6;510.9;158035
ROSN;60;25/09/24;210000;510.75;511.7;509.5;511.25;156157
ROSN;60;25/09/24;220000;511.2;514;510.5;513.25;144204
ROSN;60;25/09/24;230000;513.25;513.3;512.55;512.95;28775
ROSN;60;26/09/24;000000;512.95;513.5;512.3;512.4;27994
ROSN;60;26/09/24;110000;510.35;511.55;506;507.9;674158
ROSN;60;26/09/24;120000;508;512.4;507.85;511.85;286187
ROSN;60;26/09/24;130000;511.8;515.95;510.7;513.5;382106
ROSN;60;26/09/24;140000;513.45;514.3;511.7;512.45;149990
ROSN;60;26/09/24;150000;512.2;513.85;511.1;512.05;210371
ROSN;60;26/09/24;160000;512.05;512.4;506.7;508.6;433995
ROSN;60;26/09/24;170000;508.55;510.15;506.8;507.3;212711
ROSN;60;26/09/24;180000;507.4;510;507.2;509.7;292788
ROSN;60;26/09/24;190000;509.75;512.7;509.1;512;105011
ROSN;60;26/09/24;200000;512;512.2;510.9;511.45;24920
ROSN;60;26/09/24;210000;511.45;512.4;511.05;512.35;21768
ROSN;60;26/09/24;220000;512.4;512.55;511.3;511.75;18508
ROSN;60;26/09/24;230000;511.75;512.7;511.3;512.65;29010
ROSN;60;27/09/24;000000;512.65;512.7;512.15;512.7;24823
ROSN;60;27/09/24;110000;513.2;514.55;509.5;510.8;221312
ROSN;60;27/09/24;120000;510.8;511.9;509.5;511.35;139269
ROSN;60;27/09/24;130000;511.35;511.5;508.6;509.75;189476
ROSN;60;27/09/24;140000;509.8;510.5;508.75;509;361855
ROSN;60;27/09/24;150000;509;509;508.2;508.5;311885
ROSN;60;27/09/24;160000;508.65;509;508;508.8;189241
ROSN;60;27/09/24;170000;508.8;508.95;507.75;508.3;159248
ROSN;60;27/09/24;180000;508.3;511.25;508.25;511.25;192221
ROSN;60;27/09/24;190000;511.25;513.35;510.45;510.55;167169
ROSN;60;27/09/24;200000;510.95;511.25;509.2;509.95;86309
ROSN;60;27/09/24;210000;509.95;510.85;509.75;510.55;38733
ROSN;60;27/09/24;220000;510.55;512.7;510.2;511.55;64499
ROSN;60;27/09/24;230000;511.55;511.6;510.85;511.25;25829
ROSN;60;28/09/24;000000;511.25;511.85;510.85;511;48395
ROSN;60;30/09/24;110000;512.45;516.2;512.4;514.15;524314
ROSN;60;30/09/24;120000;514.15;515.5;514.05;514.35;321065
ROSN;60;30/09/24;130000;514.35;515;511.1;511.7;364944
ROSN;60;30/09/24;140000;511.65;512.5;509;510;289522
ROSN;60;30/09/24;150000;510;510.2;503.05;505.05;510444
ROSN;60;30/09/24;160000;505.05;511.45;505;508.1;328582
ROSN;60;30/09/24;170000;508.15;509.5;506.25;507.6;186606
ROSN;60;30/09/24;180000;507.65;507.7;505.75;507.15;193234
ROSN;60;30/09/24;190000;507.15;509.9;506.4;508.9;124581
ROSN;60;30/09/24;200000;509.8;509.95;508;508.45;42669
ROSN;60;30/09/24;210000;508.45;508.45;507.55;508;37337
ROSN;60;30/09/24;220000;508.05;508.15;507.2;507.4;38993
ROSN;60;30/09/24;230000;507.35;508.85;507.05;507.2;75166
ROSN;60;01/10/24;000000;507.2;508.1;507.05;507.4;34213
ROSN;60;01/10/24;110000;506;506.9;500;501.5;791563
ROSN;60;01/10/24;120000;501.45;501.5;497.6;497.95;401955
ROSN;60;01/10/24;130000;497.85;502.2;497.15;501.65;645045
ROSN;60;01/10/24;140000;501.65;502.2;498.85;499.75;198565
ROSN;60;01/10/24;150000;499.75;500.85;497.65;500.1;217331
ROSN;60;01/10/24;160000;500.15;501.15;498.05;498.6;207834
ROSN;60;01/10/24;170000;498.9;503.7;493.5;502.65;1195937
ROSN;60;01/10/24;180000;502.6;506.55;501.05;506.55;905974
ROSN;60;01/10/24;190000;506.55;508;504;506.3;594876
ROSN;60;01/10/24;200000;506.25;508.7;503.05;508.6;364496
ROSN;60;01/10/24;210000;508.65;512.85;504.55;506.3;1096391
ROSN;60;01/10/24;220000;506.55;508.15;504.75;507.95;252755
ROSN;60;01/10/24;230000;507.95;510.15;507.9;509.95;157480
ROSN;60;02/10/24;000000;509.95;510.05;509.55;509.75;77691
ROSN;60;02/10/24;110000;509.8;511.45;507;510.75;689951
ROSN;60;02/10/24;120000;510.6;511;508;508.7;268424
ROSN;60;02/10/24;130000;508.65;508.9;505.1;507.1;349466
ROSN;60;02/10/24;140000;507.1;509.6;506.85;508.5;198122
ROSN;60;02/10/24;150000;508.5;511.9;507.25;510.85;562874
ROSN;60;02/10/24;160000;510.9;511.85;508.05;508.35;507601
ROSN;60;02/10/24;170000;508.4;509.7;502.45;504;1740277
ROSN;60;02/10/24;180000;503.95;504;497.75;499.8;1055800
ROSN;60;02/10/24;190000;499.95;500.5;494.75;496;942567
ROSN;60;02/10/24;200000;496;499.4;494;497.25;388363
ROSN;60;02/10/24;210000;497.05;499.9;496.9;498.6;102067
ROSN;60;02/10/24;220000;498.6;501.15;498.05;501;153964
ROSN;60;02/10/24;230000;501;501;499.2;499.65;45284
ROSN;60;03/10/24;000000;499.65;500.6;499.4;499.95;56375
ROSN;60;03/10/24;110000;499.85;501.9;495.1;497.2;618225
ROSN;60;03/10/24;120000;497.25;497.5;491.55;492;661998
ROSN;60;03/10/24;130000;492;493.5;490.95;492.25;581731
ROSN;60;03/10/24;140000;492.25;492.95;488.65;490.35;440909
ROSN;60;03/10/24;150000;490.4;491.5;488.9;490.4;354542
ROSN;60;03/10/24;160000;490.4;494.4;490.35;492.5;932378
ROSN;60;03/10/24;170000;492.5;494;490.1;493.75;667643
ROSN;60;03/10/24;180000;493.8;496.95;492.2;496;1691763
ROSN;60;03/10/24;190000;496.05;497.5;496;497.1;368341
ROSN;60;03/10/24;200000;497.45;502;497.15;501.05;480426
ROSN;60;03/10/24;210000;501.05;501.55;498;499.45;300399
ROSN;60;03/10/24;220000;499.45;502.4;499.4;502.3;262696
ROSN;60;03/10/24;230000;502.4;502.7;499.9;501.8;141246
ROSN;60;04/10/24;000000;501.8;501.85;499;500;72453
ROSN;60;04/10/24;110000;502.4;505.5;499.75;504.65;1018183
ROSN;60;04/10/24;120000;504.65;505.5;502.85;504.6;527052
ROSN;60;04/10/24;130000;504.6;507;503.35;504.95;808844
ROSN;60;04/10/24;140000;504.95;507.8;503.55;507.15;409772
ROSN;60;04/10/24;150000;507.15;509.45;506.85;508.1;453655
ROSN;60;04/10/24;160000;508.1;508.75;502.25;502.5;723876
ROSN;60;04/10/24;170000;502.45;504;498.55;502.5;832669
ROSN;60;04/10/24;180000;502.45;503.85;502.4;503.55;272499
ROSN;60;04/10/24;190000;503.5;504.85;502.3;504;233645
ROSN;60;04/10/24;200000;503;504;503;503.9;92443
ROSN;60;04/10/24;210000;503.9;504;503.75;504;71411
ROSN;60;04/10/24;220000;504;504;500.85;501.85;116704
ROSN;60;04/10/24;230000;501.85;502.85;501.3;501.4;36200
ROSN;60;05/10/24;000000;501.4;502;501;501.9;63630
ROSN;60;07/10/24;110000;502.35;505.6;495.15;498.15;971141
ROSN;60;07/10/24;120000;498.15;501.9;496.8;500.85;720546
ROSN;60;07/10/24;130000;500.9;502.1;495.55;497.95;576454
ROSN;60;07/10/24;140000;497.9;499.05;496.4;497.65;234661
ROSN;60;07/10/24;150000;497.55;500.1;497.1;498.35;225825
ROSN;60;07/10/24;160000;498.3;499;493.8;494.15;416478
ROSN;60;07/10/24;170000;494.2;504;493.2;501.1;1202475
ROSN;60;07/10/24;180000;501.1;502.4;498.3;498.9;355649
ROSN;60;07/10/24;190000;498.9;502.2;497.65;502.2;190263
ROSN;60;07/10/24;200000;502.4;502.9;500.6;502.8;297109
ROSN;60;07/10/24;210000;502.8;502.8;500.4;500.9;105369
ROSN;60;07/10/24;220000;500.9;504.5;500.4;504.05;168121
ROSN;60;07/10/24;230000;504.05;504.35;502.85;503.7;93291
ROSN;60;08/10/24;000000;503.7;504.45;503.05;503.5;81351
ROSN;60;08/10/24;110000;500.05;502.85;498;498.9;542038
ROSN;60;08/10/24;120000;498.85;501.7;498.25;500.8;245683
ROSN;60;08/10/24;130000;500.75;504.5;500.5;504.4;469086
ROSN;60;08/10/24;140000;504.4;505;503.45;504;380996
ROSN;60;08/10/24;150000;504.1;504.95;501;501.25;342944
ROSN;60;08/10/24;160000;501.2;503.8;500.4;502.75;354826
ROSN;60;08/10/24;170000;502.7;503.5;501.05;502.6;285264
ROSN;60;08/10/24;180000;502.6;503;500.15;501.45;425749
ROSN;60;08/10/24;190000;501.45;502;500.8;501.8;238674
ROSN;60;08/10/24;200000;501.8;502.4;500.05;501.55;163335
ROSN;60;08/10/24;210000;501.65;502.85;500.8;502.2;138927
ROSN;60;08/10/24;220000;502.3;502.35;501.15;501.8;102269
ROSN;60;08/10/24;230000;501.8;501.8;501.2;501.35;37956
ROSN;60;09/10/24;000000;501.35;501.8;501;501.8;51563
ROSN;60;09/10/24;110000;502.95;502.95;497.2;497.9;771219
ROSN;60;09/10/24;120000;497.9;497.9;496.15;496.65;628990
ROSN;60;09/10/24;130000;496.65;496.8;495.2;496.3;535596
ROSN;60;09/10/24;140000;496.3;496.5;494.1;494.7;555935
ROSN;60;09/10/24;150000;494.7;495.5;494.1;495.15;469055
ROSN;60;09/10/24;160000;495.1;495.5;494.35;494.8;246814
ROSN;60;09/10/24;170000;494.65;494.95;491.4;491.85;719354
ROSN;60;09/10/24;180000;491.95;494.35;491.75;492.5;497161
ROSN;60;09/10/24;190000;492.5;493.35;491.55;493.25;341715
ROSN;60;09/10/24;200000;493.25;495.4;493;494.2;177694
ROSN;60;09/10/24;210000;494.2;494.55;493.5;494.05;85963
ROSN;60;09/10/24;220000;494;495.3;493.85;495;42790
ROSN;60;09/10/24;230000;495;495.4;494.25;495.25;41319
ROSN;60;10/10/24;000000;495.25;496;494.5;495.85;108316
ROSN;60;10/10/24;110000;495.8;497.85;493.55;496.75;375713
ROSN;60;10/10/24;120000;496.65;499.4;496.4;498.5;342295
ROSN;60;10/10/24;130000;498.45;499.05;496.8;497.65;195050
ROSN;60;10/10/24;140000;497.65;497.85;495.8;496.85;134196
ROSN;60;10/10/24;150000;496.85;497.75;494.55;494.7;178818
ROSN;60;10/10/24;160000;494.75;496.65;494.35;495.75;184001
ROSN;60;10/10/24;170000;495.75;497.1;494.65;496.55;90203
ROSN;60;10/10/24;180000;496.5;497.6;495.05;496.3;116841
ROSN;60;10/10/24;190000;496.45;496.9;496;496.15;61397
ROSN;60;10/10/24;200000;496.15;497.5;496.15;497.2;64871
ROSN;60;10/10/24;210000;497.15;498.95;497;498.35;134205
ROSN;60;10/10/24;220000;498.4;498.85;498;498;54080
ROSN;60;10/10/24;230000;498;498.05;497.5;497.6;17362
ROSN;60;11/10/24;000000;497.7;497.8;497.5;497.75;23042
ROSN;60;11/10/24;110000;497.85;499;494.8;495.8;293903
ROSN;60;11/10/24;120000;495.75;495.9;494.5;495.6;176837
ROSN;60;11/10/24;130000;495.7;495.85;492.05;492.65;279332
ROSN;60;11/10/24;140000;492.55;492.75;490.6;491.55;417380
ROSN;60;11/10/24;150000;491.4;494.05;491;492.25;194357
ROSN;60;11/10/24;160000;492.15;494.25;491.65;493.75;172022
ROSN;60;11/10/24;170000;493.65;493.75;491.7;492.75;208724
ROSN;60;11/10/24;180000;492.75;494.5;491.5;494;171391
ROSN;60;11/10/24;190000;494.1;494.7;493.7;494.55;200427
ROSN;60;11/10/24;200000;494.55;495.7;494;495.5;122210
ROSN;60;11/10/24;210000;495.5;495.5;494.3;494.45;28479
ROSN;60;11/10/24;220000;494.55;495.2;494.1;494.4;27227
ROSN;60;11/10/24;230000;494.2;494.6;493;493.3;64332
ROSN;60;12/10/24;000000;493.25;493.9;491.85;492.15;141915
ROSN;60;14/10/24;110000;492.1;493;486.75;488.2;580778
ROSN;60;14/10/24;120000;488.2;489.95;487;488.95;290935
ROSN;60;14/10/24;130000;489;490.8;488.2;489.4;428101
ROSN;60;14/10/24;140000;489.2;496.9;489.05;495.2;663195
ROSN;60;14/10/24;150000;495.15;498.5;494.5;497.8;336104
ROSN;60;14/10/24;160000;497.9;498.5;495.25;495.95;270316
ROSN;60;14/10/24;170000;495.9;500.55;495.6;500.2;469117
ROSN;60;14/10/24;180000;500.25;501.2;497.9;498.6;413872
ROSN;60;14/10/24;190000;498.55;498.9;496.75;497.9;138610
ROSN;60;14/10/24;200000;496.85;498.05;496.75;497.15;39922
ROSN;60;14/10/24;210000;497.2;498.45;497.05;498.4;41728
ROSN;60;14/10/24;220000;498.3;498.4;497.55;497.75;35220
ROSN;60;14/10/24;230000;497.7;497.8;497.2;497.65;20935
ROSN;60;15/10/24;000000;497.65;497.75;495.9;496;94909
ROSN;60;15/10/24;110000;495.75;496.9;492.85;495.25;673195
ROSN;60;15/10/24;120000;495.2;500;494.15;498.75;846482
ROSN;60;15/10/24;130000;498.7;499.3;497.4;499;333193
ROSN;60;15/10/24;140000;499;499;496.8;497.75;201658
ROSN;60;15/10/24;150000;497.8;498.95;497.6;498.65;148491
ROSN;60;15/10/24;160000;498.65;498.95;496.45;496.8;214327
ROSN;60;15/10/24;170000;496.8;497.15;494.3;495.4;284213
ROSN;60;15/10/24;180000;495.4;498;495.3;498;200878
ROSN;60;15/10/24;190000;498;498.6;497;497.4;127124
ROSN;60;15/10/24;200000;497.4;497.85;496.9;497.75;51385
ROSN;60;15/10/24;210000;497.8;497.8;497.3;497.75;42873
ROSN;60;15/10/24;220000;497.75;497.9;497.25;497.6;48011
ROSN;60;15/10/24;230000;497.6;498.45;497.5;498.05;99424
ROSN;60;16/10/24;000000;498.05;499.05;497.8;498.4;119333
ROSN;60;16/10/24;110000;498.45;502.9;498.4;501.8;647717
ROSN;60;16/10/24;120000;501.8;503.9;499.75;503.45;821764
ROSN;60;16/10/24;130000;503.45;503.9;498.6;498.95;456735
ROSN;60;16/10/24;140000;499;501.75;496.25;497.5;520093
ROSN;60;16/10/24;150000;497.5;499.65;496.35;497.7;233036
ROSN;60;16/10/24;160000;497.7;499.9;497.45;497.55;163599
ROSN;60;16/10/24;170000;497.5;498.65;496.65;497.5;134964
ROSN;60;16/10/24;180000;497.5;498.4;495.25;495.4;347592
ROSN;60;16/10/24;190000;495.3;496.75;495.15;495.2;221477
ROSN;60;16/10/24;200000;495.3;497.65;495.3;496.85;86484
ROSN;60;16/10/24;210000;496.8;496.9;495.7;495.85;32750
ROSN;60;16/10/24;220000;496;497.05;495.75;496.85;27744
ROSN;60;16/10/24;230000;496.85;497.4;496.75;497.15;19975
ROSN;60;17/10/24;000000;497.15;497.25;496.45;496.45;20971
ROSN;60;17/10/24;110000;496.45;497.2;493.05;495;577362
ROSN;60;17/10/24;120000;495;496.3;493.6;494.65;263523
ROSN;60;17/10/24;130000;494.7;496;490.8;491.55;629518
ROSN;60;17/10/24;140000;491.55;492.35;489.2;490;607703
ROSN;60;17/10/24;150000;490.05;490.25;488.55;489.55;395772
ROSN;60;17/10/24;160000;489.6;491.4;488.7;488.95;418508
ROSN;60;17/10/24;170000;489;490.85;488.1;488.8;384309
ROSN;60;17/10/24;180000;488.8;490.2;488.3;488.7;269575
ROSN;60;17/10/24;190000;488.75;489.2;485.55;486.15;511668
ROSN;60;17/10/24;200000;486.5;487;485.7;486.4;102200
ROSN;60;17/10/24;210000;486.4;487;485.95;486.4;100907
ROSN;60;17/10/24;220000;486.4;487;485.6;486.95;58492
ROSN;60;17/10/24;230000;486.95;487;486.5;487;51061
ROSN;60;18/10/24;000000;487;487;486.7;486.95;32688
ROSN;60;18/10/24;110000;487;487;483.6;486;471220
ROSN;60;18/10/24;120000;486;487.75;485.15;485.85;329629
ROSN;60;18/10/24;130000;485.8;486.85;484.2;484.5;303214
ROSN;60;18/10/24;140000;484.6;485.55;482.3;483.3;298781
ROSN;60;18/10/24;150000;483.5;485;482.65;484.5;124130
ROSN;60;18/10/24;160000;484.65;485.95;484.3;485.1;130440
ROSN;60;18/10/24;170000;485.05;486.1;484;484.4;152737
ROSN;60;18/10/24;180000;484.25;487.3;484;486.1;184805
ROSN;60;18/10/24;190000;486.1;487.2;485.4;485.95;105100
ROSN;60;18/10/24;200000;486.9;488.55;486.25;488.5;178344
ROSN;60;18/10/24;210000;488.5;488.75;488;488.5;77495
ROSN;60;18/10/24;220000;488.5;488.5;487.25;487.9;72380
ROSN;60;18/10/24;230000;487.85;488.35;487.75;488.1;29709
ROSN;60;19/10/24;000000;488.15;488.2;487.45;487.8;60561
ROSN;60;21/10/24;110000;488.05;490;487.8;489.65;258300
ROSN;60;21/10/24;120000;489.65;490;487.25;488.2;126136
ROSN;60;21/10/24;130000;488.15;488.8;487.5;488.8;146781
ROSN;60;21/10/24;140000;488.8;490;488.75;489.5;293904
ROSN;60;21/10/24;150000;489.45;489.5;484.3;485.75;494489
ROSN;60;21/10/24;160000;485.75;486.9;485.15;486.1;157270
ROSN;60;21/10/24;170000;486.1;487.25;486;487.15;111521
ROSN;60;21/10/24;180000;487.05;487.2;485.3;485.9;108223
ROSN;60;21/10/24;190000;485.95;486.05;484.5;485.75;147933
ROSN;60;21/10/24;200000;485.75;486.25;485.05;485.55;63576
ROSN;60;21/10/24;210000;485.55;485.85;485.15;485.6;34463
ROSN;60;21/10/24;220000;485.65;485.75;485;485.15;28522
ROSN;60;21/10/24;230000;485.15;485.25;484.65;485.1;45737
ROSN;60;22/10/24;000000;485.1;485.15;484.05;484.7;47046
ROSN;60;22/10/24;110000;484.5;484.75;480.85;483.2;533954
ROSN;60;22/10/24;120000;483.15;484.1;481.1;481.85;303297
ROSN;60;22/10/24;130000;481.8;485.4;481.2;484;359778
ROSN;60;22/10/24;140000;483.95;484.5;482.55;484.05;192771
ROSN;60;22/10/24;150000;484;484.05;482.3;483.4;119468
ROSN;60;22/10/24;160000;483.45;484.4;482.9;483.35;86811
ROSN;60;22/10/24;170000;483.3;483.45;481.45;482.25;203075
ROSN;60;22/10/24;180000;482.25;484.5;481.7;481.85;453209
ROSN;60;22/10/24;190000;481.8;482.1;479.85;480;434875
ROSN;60;22/10/24;200000;480;481.3;479.2;480;112311
ROSN;60;22/10/24;210000;479.95;480.65;479.55;480.5;55059
ROSN;60;22/10/24;220000;480.55;480.95;479.9;480.45;54817
ROSN;60;22/10/24;230000;480.45;480.6;479.75;479.85;35806
ROSN;60;23/10/24;000000;479.9;479.9;478.45;479;185322
ROSN;60;23/10/24;110000;478.5;479.1;474.1;476.5;573789
ROSN;60;23/10/24;120000;476.5;479.4;475.9;478.9;296225
ROSN;60;23/10/24;130000;478.9;480.35;476.65;476.95;224503
ROSN;60;23/10/24;140000;476.9;477.95;475.1;477.3;272922
ROSN;60;23/10/24;150000;477.3;477.55;475.25;475.95;191551
ROSN;60;23/10/24;160000;475.95;477;475.45;476.9;225068
ROSN;60;23/10/24;170000;476.9;477.8;476;476.1;180326
ROSN;60;23/10/24;180000;476.1;476.7;474.3;474.7;275190
ROSN;60;23/10/24;190000;474.75;475;472.1;473.85;297873
ROSN;60;23/10/24;200000;473.65;473.8;470.1;470.7;664351
ROSN;60;23/10/24;210000;470.6;471.65;467.2;469.8;604225
ROSN;60;23/10/24;220000;469.75;470.3;468.4;469.2;358946
ROSN;60;23/10/24;230000;469.25;469.95;468;469.95;150976
ROSN;60;24/10/24;000000;469.95;469.95;468.8;469;43447
ROSN;60;24/10/24;110000;469.55;471.3;465.5;465.55;815986
ROSN;60;24/10/24;120000;465.7;467.85;465.1;466.9;502545
ROSN;60;24/10/24;130000;467;467.4;464.1;466.5;603497
ROSN;60;24/10/24;140000;466.6;471.2;465.2;468.8;336718
ROSN;60;24/10/24;150000;468.8;470.3;468.05;468.6;269694
ROSN;60;24/10/24;160000;468.8;468.95;466;467.2;192828
ROSN;60;24/10/24;170000;467.2;471.15;467.1;470.4;323058
ROSN;60;24/10/24;180000;470.4;472.1;468.6;470.3;482099
ROSN;60;24/10/24;190000;470.25;470.55;468.05;468.75;167415
ROSN;60;24/10/24;200000;468.75;469.75;468.45;468.6;47740
ROSN;60;24/10/24;210000;468.6;469;468;468.3;71258
ROSN;60;24/10/24;220000;468.3;468.85;468;468.75;52407
ROSN;60;24/10/24;230000;468.7;469.45;468.45;469.35;38477
ROSN;60;25/10/24;000000;469.3;470.65;468.5;469.75;107955
ROSN;60;25/10/24;110000;469.6;470.65;467.5;467.5;263819
ROSN;60;25/10/24;120000;467.55;468.6;466.2;466.25;445961
ROSN;60;25/10/24;130000;466.25;467.8;466.2;466.9;181072
ROSN;60;25/10/24;140000;466.9;470.35;460.65;468.9;1067378
ROSN;60;25/10/24;150000;468.7;468.75;462.6;462.85;575284
ROSN;60;25/10/24;160000;462.85;464.55;460.05;460.45;808063
ROSN;60;25/10/24;170000;460.4;462.4;457;457.6;1393289
ROSN;60;25/10/24;180000;457.6;459.4;455.7;456.5;845529
ROSN;60;25/10/24;190000;456.4;457.6;456.25;457;294028
ROSN;60;25/10/24;200000;457;459.4;455.5;456.75;315173
ROSN;60;25/10/24;210000;456.7;459.05;456.15;458.25;114851
ROSN;60;25/10/24;220000;458.25;458.8;457.8;458.55;63640
ROSN;60;25/10/24;230000;458.55;458.6;457.45;457.55;112585
ROSN;60;26/10/24;000000;457.5;457.75;456.1;456.1;65567
ROSN;60;28/10/24;110000;451.25;455.4;445.3;451;2131882
ROSN;60;28/10/24;120000;451;454.3;449.55;453.35;432894
ROSN;60;28/10/24;130000;453.25;453.55;447.1;448.4;526122
ROSN;60;28/10/24;140000;448.4;449.5;446.8;448.2;317456
ROSN;60;28/10/24;150000;448.15;448.5;444.4;444.5;424148
ROSN;60;28/10/24;160000;444.55;447.8;442.05;443.7;829246
ROSN;60;28/10/24;170000;443.75;443.85;440.5;442.5;555850
ROSN;60;28/10/24;180000;442.35;443.25;440.65;443.05;432456
ROSN;60;28/10/24;190000;443.05;443.35;436.7;437.85;794717
ROSN;60;28/10/24;200000;437.9;437.9;433.3;434.7;791257
ROSN;60;28/10/24;210000;434.7;440.3;434.15;439.5;632304
ROSN;60;28/10/24;220000;439.45;439.5;436.6;437.3;210837
ROSN;60;28/10/24;230000;437.5;438.8;436.8;436.8;163075
ROSN;60;29/10/24;000000;436.8;436.8;434;434.75;339055
ROSN;60;29/10/24;110000;434.8;444.95;434.8;442.9;1600819
ROSN;60;29/10/24;120000;442.95;443.3;435.05;436.25;842089
ROSN;60;29/10/24;130000;436.4;439.95;434.5;438.95;901826
ROSN;60;29/10/24;140000;438.85;439.75;436;437.7;442812
ROSN;60;29/10/24;150000;437.7;443.85;437.3;440.45;691552
ROSN;60;29/10/24;160000;440.45;444.9;440.45;443.55;573104
ROSN;60;29/10/24;170000;443.55;444.85;441.45;442.8;514941
ROSN;60;29/10/24;180000;442.8;443.95;439.4;442.15;535870
ROSN;60;29/10/24;190000;442.15;443.95;440;440.2;281845
ROSN;60;29/10/24;200000;440.3;443.05;440.15;442.75;189685
ROSN;60;29/10/24;210000;442.75;443.9;441.7;443.45;135976
ROSN;60;29/10/24;220000;443.4;446.55;442.4;443.3;488870
ROSN;60;29/10/24;230000;443.3;444.65;440.6;440.8;299604
ROSN;60;30/10/24;000000;440.9;442.8;440.65;442.35;90763
ROSN;60;30/10/24;110000;443;445.8;440.5;445.7;907185
ROSN;60;30/10/24;120000;445.7;447.5;443.65;444.35;552962
ROSN;60;30/10/24;130000;444.35;446.45;443.85;444.7;288111
ROSN;60;30/10/24;140000;444.65;445.5;443.45;445.1;278704
ROSN;60;30/10/24;150000;445.15;446.5;442.55;444.9;578591
ROSN;60;30/10/24;160000;444.95;447;443.65;445.7;756797
ROSN;60;30/10/24;170000;445.5;447;444.6;445.9;281229
ROSN;60;30/10/24;180000;446;449.5;445.2;448.55;440435
ROSN;60;30/10/24;190000;448.7;449.3;444.3;447.05;909793
ROSN;60;30/10/24;200000;445.35;446;442.5;443.25;415971
ROSN;60;30/10/24;210000;443.15;443.15;439.05;440.65;359028
ROSN;60;30/10/24;220000;440.65;441.9;439.35;440.2;186965
ROSN;60;30/10/24;230000;440.3;440.95;439.05;440.3;64603
ROSN;60;31/10/24;000000;440.45;440.95;438.1;439.05;73082
ROSN;60;31/10/24;110000;438.8;442.35;438;440.95;762690
ROSN;60;31/10/24;120000;440.95;441;437;438.35;513986
ROSN;60;31/10/24;130000;438.3;438.75;429.1;432.95;1536778
ROSN;60;31/10/24;140000;432.95;436.3;431.5;436;628839
ROSN;60;31/10/24;150000;436.05;438.05;432.65;438;542960
ROSN;60;31/10/24;160000;437.95;438.2;435.25;435.8;302242
ROSN;60;31/10/24;170000;435.65;436.45;433.65;433.95;260624
ROSN;60;31/10/24;180000;433.95;434.85;431;431.7;487303
ROSN;60;31/10/24;190000;431.7;434.15;431.3;432.75;189311
ROSN;60;31/10/24;200000;432.6;432.6;430;431.45;259628
ROSN;60;31/10/24;210000;431.3;432.05;430;430;105219
ROSN;60;31/10/24;220000;430.05;433.25;429.65;433.15;169585
ROSN;60;31/10/24;230000;433.15;434.3;431.95;433.9;127937
ROSN;60;01/11/24;000000;433.9;434.35;433.3;434.1;80903
ROSN;60;01/11/24;110000;435;438.7;434.5;435.1;509935
ROSN;60;01/11/24;120000;435.15;437.95;433.5;437.45;770116
ROSN;60;01/11/24;130000;437.5;439.75;436.5;439.25;1014359
ROSN;60;01/11/24;140000;439.25;441.9;439.2;440.95;655145
ROSN;60;01/11/24;150000;440.95;444.8;440.95;444.15;715710
ROSN;60;01/11/24;160000;444.2;444.95;442.65;444.75;833268
ROSN;60;01/11/24;170000;444.8;448.95;444.7;447.85;1122722
ROSN;60;01/11/24;180000;447.8;449.2;446.4;446.55;970310
ROSN;60;01/11/24;190000;446.5;446.55;440.95;442;1854224
ROSN;60;01/11/24;200000;442.1;443.4;440.95;442.65;740692
ROSN;60;01/11/24;210000;442.65;444.25;442;443.1;194659
ROSN;60;01/11/24;220000;443.1;443.7;442.45;442.5;96141
ROSN;60;01/11/24;230000;442.75;443.8;442.5;443.5;76138
ROSN;60;02/11/24;000000;443.5;444.8;443.45;444.35;81100
ROSN;60;02/11/24;110000;444.3;445.65;441.9;444.45;343438
ROSN;60;02/11/24;120000;444.5;445.9;443.6;445;210260
ROSN;60;02/11/24;130000;445;446.45;444.9;446.4;104649
ROSN;60;02/11/24;140000;446.45;448.65;446.35;447.65;293338
ROSN;60;02/11/24;150000;447.7;452;447.55;450.65;658620
ROSN;60;02/11/24;160000;450.65;452.65;449.75;450.65;420220
ROSN;60;02/11/24;170000;450.65;456.8;450.65;454.1;1491482
ROSN;60;02/11/24;180000;454.15;455.2;452.9;453.8;475641
ROSN;60;02/11/24;190000;453.9;454.05;453;454.05;314851
ROSN;60;02/11/24;200000;454.05;455.45;453.65;455.2;184094
ROSN;60;02/11/24;210000;455.2;455.4;453.75;454.2;166049
ROSN;60;02/11/24;220000;454.2;455.2;454;454.6;50156
ROSN;60;02/11/24;230000;454.45;456.3;454.3;456.05;176666
ROSN;60;03/11/24;000000;456.1;457;455.85;457;203927
ROSN;60;05/11/24;110000;460.05;465.6;459.15;460.75;1976027
ROSN;60;05/11/24;120000;460.7;461.15;458.2;460.45;438430
ROSN;60;05/11/24;130000;460.4;462.5;459.55;460.5;372225
ROSN;60;05/11/24;140000;460.55;462.25;460.05;460.3;206575
ROSN;60;05/11/24;150000;460.15;460.55;458.6;459.25;236124
ROSN;60;05/11/24;160000;459.45;460.5;458.7;459.9;100811
ROSN;60;05/11/24;170000;459.85;460.35;458.65;459.7;148645
ROSN;60;05/11/24;180000;459.7;460.25;457.5;459.5;281891
ROSN;60;05/11/24;190000;459.6;460.4;458.6;460.25;191087
ROSN;60;05/11/24;200000;460.25;463;460.25;461.75;228652
ROSN;60;05/11/24;210000;461.75;462.25;460.65;461.2;59315
ROSN;60;05/11/24;220000;461.25;461.7;460.3;460.8;46666
ROSN;60;05/11/24;230000;460.9;461.6;460.8;461;48022
ROSN;60;06/11/24;000000;461;461;459.5;460.5;75019
ROSN;60;06/11/24;110000;471.4;478.75;466.2;474.95;3163934
ROSN;60;06/11/24;120000;475;476.7;470.8;472.15;1198544
ROSN;60;06/11/24;130000;472;474.3;468.8;468.8;671084
ROSN;60;06/11/24;140000;468.95;474.7;468.35;468.6;750896
ROSN;60;06/11/24;150000;468.65;470.55;467;467.4;304793
ROSN;60;06/11/24;160000;467.4;467.75;464.5;466.3;462611
ROSN;60;06/11/24;170000;466.25;467.1;463.45;466.85;345896
ROSN;60;06/11/24;180000;466.85;467.75;465.1;465.95;262487
ROSN;60;06/11/24;190000;466;467.9;465.95;467.25;97322
ROSN;60;06/11/24;200000;467.25;467.4;465.25;466.8;146565
ROSN;60;06/11/24;210000;466.75;467;466;467;102935
ROSN;60;06/11/24;220000;467;467;466.25;466.85;57219
ROSN;60;06/11/24;230000;466.8;467;466.55;466.85;43752
ROSN;60;07/11/24;000000;466.85;467.75;466.7;466.85;65963
ROSN;60;07/11/24;130000;467.1;467.15;462;465.3;482223
ROSN;60;07/11/24;140000;465.3;465.35;455.95;459;841503
ROSN;60;07/11/24;150000;459.05;464.45;459;463.55;603436
ROSN;60;07/11/24;160000;463.45;466.2;462.75;464.4;282422
ROSN;60;07/11/24;170000;464.45;465.1;462.6;463.1;123583
ROSN;60;07/11/24;180000;463.15;469.95;463.15;469.95;512210
ROSN;60;07/11/24;190000;469.95;470;468.55;468.7;252642
ROSN;60;07/11/24;200000;469;473.45;468.8;470.75;359811
ROSN;60;07/11/24;210000;470.75;472.75;470.05;472.45;147583
ROSN;60;07/11/24;220000;472.6;472.95;470.9;472.9;72951
ROSN;60;07/11/24;230000;472.95;474.6;472.9;473.55;141533
ROSN;60;08/11/24;000000;473.45;475.55;473.45;475.5;201105
ROSN;60;08/11/24;110000;477.6;477.95;470.1;473.85;1304887
ROSN;60;08/11/24;120000;473.85;475.9;472.6;473.7;607766
ROSN;60;08/11/24;130000;473.9;475.7;473.8;475.1;221497
ROSN;60;08/11/24;140000;475.05;475.25;472.3;474.3;265921
ROSN;60;08/11/24;150000;474.25;475;472.7;473.25;249903
ROSN;60;08/11/24;160000;473.3;475.15;472.95;474.85;159418
ROSN;60;08/11/24;170000;474.85;477.15;473.7;475.8;358339
ROSN;60;08/11/24;180000;475.8;476.7;474.1;476.55;356370
ROSN;60;08/11/24;190000;476.5;477.75;476;477;543600
ROSN;60;08/11/24;200000;477.35;479.45;477.15;479.45;390290
ROSN;60;08/11/24;210000;479.45;481;479.1;479.85;210761
ROSN;60;08/11/24;220000;479.85;480.7;478.55;480.5;177264
ROSN;60;08/11/24;230000;480.5;482;477.5;481.65;802054
ROSN;60;09/11/24;000000;481.65;481.85;480.2;481.5;155413
ROSN;60;11/11/24;110000;492.05;494.8;487.3;490.65;3197207
ROSN;60;11/11/24;120000;490.6;494.6;490.6;493.9;1140409
ROSN;60;11/11/24;130000;493.9;494.7;490.45;494;1263417
ROSN;60;11/11/24;140000;494;498.8;492.95;497.8;1017807
ROSN;60;11/11/24;150000;497.7;498;492.45;493.05;936421
ROSN;60;11/11/24;160000;493;495;491.8;494.35;559836
ROSN;60;11/11/24;170000;494.2;496;492.8;494.2;641080
ROSN;60;11/11/24;180000;494.2;496;491.7;492.8;532848
ROSN;60;11/11/24;190000;492.65;494.85;489.2;490;1140681
ROSN;60;11/11/24;200000;490.1;492;489;491.55;428603
ROSN;60;11/11/24;210000;491.55;491.8;489.45;489.85;157317
ROSN;60;11/11/24;220000;489.8;490.45;489.3;489.95;83054
ROSN;60;11/11/24;230000;489.95;492;489.7;491;126545
ROSN;60;12/11/24;000000;490.8;491.5;490.4;490.6;90144
ROSN;60;12/11/24;110000;489.4;489.85;483;485.6;1077188
ROSN;60;12/11/24;120000;485.7;488.4;485.3;487.35;546354
ROSN;60;12/11/24;130000;487.4;493.35;486.95;492.85;751195
ROSN;60;12/11/24;140000;492.8;493.9;490.2;490.35;528587
ROSN;60;12/11/24;150000;490.35;491.1;490.1;490.4;249617
ROSN;60;12/11/24;160000;490.4;491.1;487.25;487.55;498159
ROSN;60;12/11/24;170000;487.65;488.9;485.1;485.45;387536
ROSN;60;12/11/24;180000;485.45;487.15;483.7;484.5;458625
ROSN;60;12/11/24;190000;484.5;485.45;483.05;483.85;259548
ROSN;60;12/11/24;200000;483.85;484.25;482.25;484.15;164162
ROSN;60;12/11/24;210000;484.15;485.35;484;484.5;104276
ROSN;60;12/11/24;220000;484.55;484.65;483.9;484.1;67795
ROSN;60;12/11/24;230000;484.1;484.1;480.85;481.5;225222
ROSN;60;13/11/24;000000;481.4;483;481.3;482.05;51572
ROSN;60;13/11/24;110000;480.25;485;480.25;484.9;639827
ROSN;60;13/11/24;120000;484.9;489.4;484.45;489.1;784610
ROSN;60;13/11/24;130000;489.15;490.4;487.35;488.55;773210
ROSN;60;13/11/24;140000;488.6;490;487.5;489.9;427403
ROSN;60;13/11/24;150000;489.75;490.95;488.85;489.5;520879
ROSN;60;13/11/24;160000;489.4;490.9;487.55;489.95;700294
ROSN;60;13/11/24;170000;489.85;493.65;489.45;491.7;689778
ROSN;60;13/11/24;180000;491.65;493.45;490.65;491;384833
ROSN;60;13/11/24;190000;490.9;491.25;488.5;490.05;376093
ROSN;60;13/11/24;200000;489;489.9;480.7;482.65;1167462
ROSN;60;13/11/24;210000;482.75;484.05;475.7;481.75;1526808
ROSN;60;13/11/24;220000;481.8;482;479.55;481;215877
ROSN;60;13/11/24;230000;481;481.15;479.75;480.4;131707
ROSN;60;14/11/24;000000;480.4;481.05;478.5;480.35;134376
ROSN;60;14/11/24;110000;480.2;483.45;480;481.7;553768
ROSN;60;14/11/24;120000;481.7;482.3;476;478.15;578729
ROSN;60;14/11/24;130000;478.15;480;477.65;478.6;187157
ROSN;60;14/11/24;140000;478.75;480.6;477.1;477.2;273525
ROSN;60;14/11/24;150000;477.1;477.95;475.3;476.5;356565
ROSN;60;14/11/24;160000;476.35;476.9;474.3;475.2;434390
ROSN;60;14/11/24;170000;475.15;477.15;475;475.05;310311
ROSN;60;14/11/24;180000;475.05;475.7;472.2;472.25;905826
ROSN;60;14/11/24;190000;472.5;474;471;471.8;361934
ROSN;60;14/11/24;200000;471.9;475.05;471.3;473.25;252448
ROSN;60;14/11/24;210000;473.25;474.4;472.25;474.1;84104
ROSN;60;14/11/24;220000;474.15;475.05;474.1;474.8;59354
ROSN;60;14/11/24;230000;474.8;475.8;474.5;474.8;150829
ROSN;60;15/11/24;000000;474.85;474.85;471.9;473.3;196396
ROSN;60;15/11/24;110000;472.95;474.5;470.45;472.5;744639
ROSN;60;15/11/24;120000;472.5;474.85;469.5;473.55;779309
ROSN;60;15/11/24;130000;473.6;474.85;472;473.1;339042
ROSN;60;15/11/24;140000;473.1;474.1;471.4;473.35;156977
ROSN;60;15/11/24;150000;473.35;475.5;473.25;474.5;151817
ROSN;60;15/11/24;160000;474.7;479.65;472.75;476.9;428626
ROSN;60;15/11/24;170000;476.95;478.7;475.3;476.9;385489
ROSN;60;15/11/24;180000;476.85;478.4;476.05;477.15;253856
ROSN;60;15/11/24;190000;477.15;480;476.5;479.8;239408
ROSN;60;15/11/24;200000;479.9;480.95;478.8;478.9;200800
ROSN;60;15/11/24;210000;478.9;479.85;477.4;477.55;93564
ROSN;60;15/11/24;220000;477.55;479.7;477.5;479.65;38827
ROSN;60;15/11/24;230000;479.65;480.3;479.05;480;94985
ROSN;60;16/11/24;000000;480;480.5;479.5;480.1;74221
ROSN;60;18/11/24;110000;472.5;475.4;468.7;471.3;1814998
ROSN;60;18/11/24;120000;471.3;474.15;470.75;473.15;392526
ROSN;60;18/11/24;130000;473.15;473.7;471;471;329940
ROSN;60;18/11/24;140000;471.05;472.75;470.6;472.55;157453
ROSN;60;18/11/24;150000;472.55;473.8;472;473.4;217911
ROSN;60;18/11/24;160000;473.4;473.8;472;472;116950
ROSN;60;18/11/24;170000;472;474;471.3;473.85;254022
ROSN;60;18/11/24;180000;473.8;476.8;472.15;476.15;352484
ROSN;60;18/11/24;190000;476.15;477.95;475.8;477;175001
ROSN;60;18/11/24;200000;477.3;477.4;474.35;475.85;128937
ROSN;60;18/11/24;210000;475.9;476.25;474.45;475.45;71689
ROSN;60;18/11/24;220000;475.45;475.8;473.65;473.65;220848
ROSN;60;18/11/24;230000;473.7;473.7;471.45;472;164765
ROSN;60;19/11/24;000000;472;472.5;471.45;471.95;43634
ROSN;60;19/11/24;110000;472.75;473.9;471.1;471.75;276248
ROSN;60;19/11/24;120000;471.8;471.8;463.7;465;765055
ROSN;60;19/11/24;130000;465.05;466.35;461;466.05;883568
ROSN;60;19/11/24;140000;466;466.5;463.6;465.4;241609
ROSN;60;19/11/24;150000;465.4;466.7;463.05;464.9;339615
ROSN;60;19/11/24;160000;464.85;466.35;462.8;462.8;236108
ROSN;60;19/11/24;170000;462.8;463.25;456.65;456.95;899057
ROSN;60;19/11/24;180000;456.95;459.35;454.4;456.35;1729094
ROSN;60;19/11/24;190000;456.15;459.6;456.15;457.45;308788
ROSN;60;19/11/24;200000;457.5;458.8;455.7;458;158756
ROSN;60;19/11/24;210000;458;459.5;457.15;459.5;108770
ROSN;60;19/11/24;220000;459.45;459.5;457.45;458.15;61770
ROSN;60;19/11/24;230000;458.15;458.65;457.25;458.3;73789
ROSN;60;20/11/24;000000;458.3;459.8;458.15;459.7;66764
ROSN;60;20/11/24;110000;461;462.35;456.95;457.25;830841
ROSN;60;20/11/24;120000;457.3;461.6;457.3;460.5;351427
ROSN;60;20/11/24;130000;460.55;462.6;458.2;459.6;771827
ROSN;60;20/11/24;140000;459.65;462;457.65;459.2;636439
ROSN;60;20/11/24;150000;459.2;460.05;458.25;459.25;174622
ROSN;60;20/11/24;160000;459.25;459.9;457.15;457.8;170005
ROSN;60;20/11/24;170000;457.75;458.25;452.25;456.1;731689
ROSN;60;20/11/24;180000;456.05;456.05;450.35;451.65;611281
ROSN;60;20/11/24;190000;451.7;452.6;450.7;450.7;353363
ROSN;60;20/11/24;200000;449.95;449.95;444.4;448.1;839680
ROSN;60;20/11/24;210000;448.1;449.8;444.95;448.1;359797
ROSN;60;20/11/24;220000;448.15;450.7;447.55;450.45;169737
ROSN;60;20/11/24;230000;450.45;450.6;447.6;447.9;185908
ROSN;60;21/11/24;000000;447.9;449.3;447.8;449.25;96693
ROSN;60;21/11/24;110000;451.05;452.35;445.5;446.75;886190
ROSN;60;21/11/24;120000;446.65;449.95;445;446.25;452171
ROSN;60;21/11/24;130000;446.25;447.3;443.65;445.8;686186
ROSN;60;21/11/24;140000;445.85;451.25;445.3;450.1;471432
ROSN;60;21/11/24;150000;450.35;452.1;449.5;449.9;472364
ROSN;60;21/11/24;160000;449.75;449.95;445.2;448.15;617176
ROSN;60;21/11/24;170000;448.1;450.45;446.95;449.7;400557
ROSN;60;21/11/24;180000;449.7;450.75;446.2;447.25;439893
ROSN;60;21/11/24;190000;447.3;452;446.3;450.4;467704
ROSN;60;21/11/24;200000;450.4;452.05;448.75;451.95;187715
ROSN;60;21/11/24;210000;451.95;453.75;445.05;451.55;735869
ROSN;60;21/11/24;220000;451.55;456.45;450.1;454.85;318407
ROSN;60;21/11/24;230000;454.85;458.4;454.45;457.8;412170
ROSN;60;22/11/24;000000;457.95;459.35;457.5;458.95;122098
ROSN;60;22/11/24;110000;459;459.8;453.75;456.9;525747
ROSN;60;22/11/24;120000;457;457.65;452.05;456.85;542942
ROSN;60;22/11/24;130000;456.85;464;455.15;463.65;890931
ROSN;60;22/11/24;140000;463.85;464.1;459.35;462.55;820152
ROSN;60;22/11/24;150000;462.85;464.75;459.7;461;655400
ROSN;60;22/11/24;160000;461.1;463;458.25;463;628474
ROSN;60;22/11/24;170000;462.95;462.95;458.1;459.25;672996
ROSN;60;22/11/24;180000;459.4;460.35;456.5;456.6;252040
ROSN;60;22/11/24;190000;456.6;457.8;455.8;456;259905
ROSN;60;22/11/24;200000;456.05;461.5;456.05;461.35;219888
ROSN;60;22/11/24;210000;461.35;462;458.4;459.85;118572
ROSN;60;22/11/24;220000;459.95;460.75;458.6;460.65;52630
ROSN;60;22/11/24;230000;460.65;461.5;459.15;459.15;89594
ROSN;60;23/11/24;000000;459.3;460.2;458.5;459.9;90143
ROSN;60;25/11/24;110000;459.9;464.2;458.2;461.5;878142
ROSN;60;25/11/24;120000;461.5;463;459.25;461.05;815947
ROSN;60;25/11/24;130000;461.1;464;460.5;463.6;669507
ROSN;60;25/11/24;140000;463.7;466;463.15;464.25;742766
ROSN;60;25/11/24;150000;464.25;465.5;462;464.5;709572
ROSN;60;25/11/24;160000;464.55;466.3;463.8;464.5;615696
ROSN;60;25/11/24;170000;464.55;464.85;458.5;460.4;1043012
ROSN;60;25/11/24;180000;460.5;461.3;448;449.85;1769507
ROSN;60;25/11/24;190000;449.85;455.95;448.75;453.05;913734
ROSN;60;25/11/24;200000;453.35;455.1;450.45;451.1;214776
ROSN;60;25/11/24;210000;451.1;452.8;450.65;450.95;116179
ROSN;60;25/11/24;220000;451;452.35;448.7;449.65;287434
ROSN;60;25/11/24;230000;449.6;454.5;445.8;454.15;436347
ROSN;60;26/11/24;000000;454.15;454.45;452.7;453.65;94227
ROSN;60;26/11/24;110000;452.45;457.2;449.8;456.75;716298
ROSN;60;26/11/24;120000;456.65;459;454.3;454.9;511860
ROSN;60;26/11/24;130000;455;455.75;452.15;452.45;283282
ROSN;60;26/11/24;140000;452.5;455.65;451.2;452.1;371546
ROSN;60;26/11/24;150000;452.1;452.75;449.25;449.8;669223
ROSN;60;26/11/24;160000;449.7;451.05;445.9;448.25;654611
ROSN;60;26/11/24;170000;448.25;451.2;445.75;448.85;608251
ROSN;60;26/11/24;180000;448.85;450.85;446.75;446.9;580337
ROSN;60;26/11/24;190000;446.9;450.45;446.45;449.95;391043
ROSN;60;26/11/24;200000;449.95;452;448.8;451.35;202196
ROSN;60;26/11/24;210000;451.4;451.9;450.1;450.1;80904
ROSN;60;26/11/24;220000;450.05;450.45;448.75;450.35;192862
ROSN;60;26/11/24;230000;450.35;451.1;449.05;450.3;213502
ROSN;60;27/11/24;000000;450.25;450.9;449.85;450.8;87288
ROSN;60;27/11/24;110000;452.1;452.95;447.6;449.65;1074639
ROSN;60;27/11/24;120000;449.65;452.65;449.65;451.7;1111742
ROSN;60;27/11/24;130000;451.75;463.75;451.05;460;2226465
ROSN;60;27/11/24;140000;459.85;463.45;456.6;463.15;1578990
ROSN;60;27/11/24;150000;463.2;468.75;462;467.45;1380481
ROSN;60;27/11/24;160000;467.75;471.9;463;463.1;1687685
ROSN;60;27/11/24;170000;463.2;470;462.4;469.45;1072012
ROSN;60;27/11/24;180000;469.5;469.5;464.15;465;660243
ROSN;60;27/11/24;190000;465;468.45;464.1;465;383815
ROSN;60;27/11/24;200000;465;473.6;464.85;470.3;924120
ROSN;60;27/11/24;210000;470.25;471.7;468.6;470.35;267281
ROSN;60;27/11/24;220000;470.2;473.8;467.9;473.7;333014
ROSN;60;27/11/24;230000;473.55;474.25;471.1;473.75;197518
ROSN;60;28/11/24;000000;473.85;474.6;473.55;474.15;112209
ROSN;60;28/11/24;110000;476.1;479.9;472.1;479.6;1204976
ROSN;60;28/11/24;120000;479.6;486;479;480.65;1395186
ROSN;60;28/11/24;130000;480.5;480.5;476.4;478.4;570700
ROSN;60;28/11/24;140000;478.35;478.7;471.5;472.5;685835
ROSN;60;28/11/24;150000;472.55;473.35;468.75;469.7;690856
ROSN;60;28/11/24;160000;469.7;472.45;468.05;468.75;303473
ROSN;60;28/11/24;170000;468.75;471.85;468.6;469.9;267648
ROSN;60;28/11/24;180000;469.9;476.05;469.05;475.55;415405
ROSN;60;28/11/24;190000;475.7;477.55;474;476.6;318851
ROSN;60;28/11/24;200000;476.9;480.75;476.35;478.45;432668
ROSN;60;28/11/24;210000;478.35;478.55;475.6;477.15;114055
ROSN;60;28/11/24;220000;477.25;478.25;476.55;476.75;55621
ROSN;60;28/11/24;230000;476.8;477.5;476.05;476.55;26274
ROSN;60;29/11/24;000000;476.55;476.95;474.55;474.85;90666
ROSN;60;29/11/24;110000;470;479.5;469.55;477.75;1156910
ROSN;60;29/11/24;120000;477.8;484;477.15;480.5;1018471
ROSN;60;29/11/24;130000;480.5;483;479.1;480.55;491334
ROSN;60;29/11/24;140000;480.55;481.3;475.6;479.3;903034
ROSN;60;29/11/24;150000;479.3;483.3;479.15;480.75;509233
ROSN;60;29/11/24;160000;480.8;482;479;479.65;461092
ROSN;60;29/11/24;170000;479.75;480.65;477;477.3;421767
ROSN;60;29/11/24;180000;477.2;479.55;476.25;478.95;309879
ROSN;60;29/11/24;190000;478.95;481.2;478.8;479.4;156967
ROSN;60;29/11/24;200000;479.5;479.5;477.9;478.1;76325
ROSN;60;29/11/24;210000;477.95;478.15;477.05;477.55;72558
ROSN;60;29/11/24;220000;477.5;477.75;476.9;477;70406
ROSN;60;29/11/24;230000;477;477.9;476.35;477.45;66826
ROSN;60;30/11/24;000000;477.45;478;477.15;478;113944
ROSN;60;02/12/24;110000;484.05;489.35;482.15;485.1;1118399
ROSN;60;02/12/24;120000;485.1;487.85;481.25;486.65;1037584
ROSN;60;02/12/24;130000;486.75;487.95;484.4;487.4;302250
ROSN;60;02/12/24;140000;487.4;488.4;485.2;487.9;332920
ROSN;60;02/12/24;150000;487.9;490.45;486.7;489;569913
ROSN;60;02/12/24;160000;489.05;491;489;489.3;310862
ROSN;60;02/12/24;170000;489.3;490.3;486.6;487.65;643473
ROSN;60;02/12/24;180000;487.65;488.55;486.55;487.4;289526
ROSN;60;02/12/24;190000;487.2;488.7;486.15;486.15;204254
ROSN;60;02/12/24;200000;486.7;487.55;486.35;487.2;78018
ROSN;60;02/12/24;210000;487.2;487.75;486.65;487.6;61221
ROSN;60;02/12/24;220000;487.7;488.4;487.6;487.85;46055
ROSN;60;02/12/24;230000;487.95;488.95;487.8;488.95;63653
ROSN;60;03/12/24;000000;488.9;489.75;488.7;489.3;51089
ROSN;60;03/12/24;110000;489.4;490.95;485.05;486.45;410627
ROSN;60;03/12/24;120000;486.45;487.85;483.25;486.8;649600
ROSN;60;03/12/24;130000;486.8;488.4;486.1;486.75;256575
ROSN;60;03/12/24;140000;486.75;487.6;486.35;486.9;71643
ROSN;60;03/12/24;150000;486.9;488.4;486.75;487.35;144722
ROSN;60;03/12/24;160000;487.4;489.7;485.25;488.9;521462
ROSN;60;03/12/24;170000;488.9;493.4;487.5;489.3;1180452
ROSN;60;03/12/24;180000;489.3;490.55;486;490.1;676132
ROSN;60;03/12/24;190000;490.15;491.1;488.05;489.8;255536
ROSN;60;03/12/24;200000;489.95;490;487.9;489.95;131642
ROSN;60;03/12/24;210000;489.95;490.65;489.15;490.1;119906
ROSN;60;03/12/24;220000;490.1;491.5;490;491.35;126055
ROSN;60;03/12/24;230000;491.45;491.5;490.35;490.45;66945
ROSN;60;04/12/24;000000;490.45;490.6;490;490.5;81787
ROSN;60;04/12/24;110000;490.7;493.2;490;491.15;551626
ROSN;60;04/12/24;120000;491.25;496.2;490.55;496.2;490333
ROSN;60;04/12/24;130000;496.2;496.8;493.5;495.1;411892
ROSN;60;04/12/24;140000;495.15;495.55;492.6;493.1;191980
ROSN;60;04/12/24;150000;493.1;494.6;492.35;492.9;218070
ROSN;60;04/12/24;160000;492.8;493.85;490;490.6;430127
ROSN;60;04/12/24;170000;490.55;491.4;485.05;486;723787
ROSN;60;04/12/24;180000;486.05;487;482.3;485.5;830985
ROSN;60;04/12/24;190000;485.5;485.5;476.75;479.95;967762
ROSN;60;04/12/24;200000;477.85;478.8;470;477.75;1351285
ROSN;60;04/12/24;210000;477.7;477.7;473.25;474.5;526611
ROSN;60;04/12/24;220000;474.5;474.9;471.75;472;191666
ROSN;60;04/12/24;230000;472;473;471.85;471.95;129727
ROSN;60;05/12/24;000000;471.95;474;471.3;473.1;248442
ROSN;60;05/12/24;110000;474.6;480.7;471.95;479.2;1184656
ROSN;60;05/12/24;120000;479.2;480.9;474.2;475;472150
ROSN;60;05/12/24;130000;474.8;476.25;472.5;475.75;559394
ROSN;60;05/12/24;140000;475.6;476.5;473;473.15;269269
ROSN;60;05/12/24;150000;473.2;476.2;471.4;471.5;303551
ROSN;60;05/12/24;160000;471.55;474.55;469.5;470.8;645102
ROSN;60;05/12/24;170000;470.8;478.95;469.8;477.3;587942
ROSN;60;05/12/24;180000;477.35;485.6;477.35;485.1;819903
ROSN;60;05/12/24;190000;485.05;488.95;482.5;487.05;602824
ROSN;60;05/12/24;200000;487.1;493.25;487.05;489;576132
ROSN;60;05/12/24;210000;489;489.1;487.05;487.4;203193
ROSN;60;05/12/24;220000;487.5;489.25;487.35;488.35;96957
ROSN;60;05/12/24;230000;488.45;489.5;488;488.55;73831
ROSN;60;06/12/24;000000;488.55;488.7;487.6;488.2;63760
ROSN;60;06/12/24;110000;489.35;492;485;491.2;777238
ROSN;60;06/12/24;120000;491.1;491.75;487.4;488.25;388713
ROSN;60;06/12/24;130000;488.25;489;486;486.15;262739
ROSN;60;06/12/24;140000;486.25;487.35;485;486.5;319558
ROSN;60;06/12/24;150000;486.55;491.3;485.5;490.95;259746
ROSN;60;06/12/24;160000;490.85;491.35;487.2;489.3;318404
ROSN;60;06/12/24;170000;489.2;490.85;486.1;487.6;388007
ROSN;60;06/12/24;180000;487.65;489.15;487;487.25;126831
ROSN;60;06/12/24;190000;487.3;488.05;485.75;486.7;170407
ROSN;60;06/12/24;200000;487.1;487.95;486.65;487;41816
ROSN;60;06/12/24;210000;487;487.55;486.7;486.9;80741
ROSN;60;06/12/24;220000;486.95;487.1;486.4;486.75;71814
ROSN;60;06/12/24;230000;486.8;487.2;486.7;487.1;60363
ROSN;60;07/12/24;000000;487.1;487.45;485.15;485.3;110078
ROSN;60;09/12/24;110000;489.3;490;486.55;489.9;580579
ROSN;60;09/12/24;120000;489.9;491;488.75;490.3;295794
ROSN;60;09/12/24;130000;490.3;490.35;488.1;488.9;259394
ROSN;60;09/12/24;140000;488.9;490.45;488.9;489.05;209451
ROSN;60;09/12/24;150000;489;490.05;487.45;489.9;277209
ROSN;60;09/12/24;160000;489.95;494.55;489.65;494.55;512527
ROSN;60;09/12/24;170000;494.5;495.95;493.4;495.55;440569
ROSN;60;09/12/24;180000;495.6;495.95;490.6;492.15;293445
ROSN;60;09/12/24;190000;492.15;493.6;491.2;493.6;154444
ROSN;60;09/12/24;200000;493.6;493.6;492.45;493.3;57216
ROSN;60;09/12/24;210000;493.3;493.75;492.4;492.7;44307
ROSN;60;09/12/24;220000;492.7;492.9;492.4;492.5;31915
ROSN;60;09/12/24;230000;492.45;492.75;492.3;492.4;17375
ROSN;60;10/12/24;000000;492.5;492.6;488.7;491.05;149344
ROSN;60;10/12/24;110000;491.25;494.9;487;487.7;623794
ROSN;60;10/12/24;120000;487.65;490.6;487.2;488.9;252596
ROSN;60;10/12/24;130000;488.8;488.95;486;488;511138
ROSN;60;10/12/24;140000;488;489.7;487;488.4;269349
ROSN;60;10/12/24;150000;488.45;488.9;486;487.55;445051
ROSN;60;10/12/24;160000;487.5;489.55;486.2;486.3;313752
ROSN;60;10/12/24;170000;486.25;490.7;485.1;486.6;426200
ROSN;60;10/12/24;180000;486.55;488.5;486;486.25;267041
ROSN;60;10/12/24;190000;486.2;486.7;482.05;483.85;485641
ROSN;60;10/12/24;200000;484;485.2;483.7;484.45;84510
ROSN;60;10/12/24;210000;484.45;484.95;483;484.9;75546
ROSN;60;10/12/24;220000;484.9;485.85;484.55;484.85;57480
ROSN;60;10/12/24;230000;484.8;485.6;484.35;485.5;35206
ROSN;60;11/12/24;000000;485.55;485.65;483.05;484.6;92279
ROSN;60;11/12/24;110000;483.45;484;480.4;481.8;523940
ROSN;60;11/12/24;120000;481.85;484.8;480.7;483.15;238332
ROSN;60;11/12/24;130000;483.15;485.55;483.15;484.5;195796
ROSN;60;11/12/24;140000;484.6;485;482.3;483;150185
ROSN;60;11/12/24;150000;483;483.7;482.25;482.25;73177
ROSN;60;11/12/24;160000;482.3;483;481.4;481.95;198997
ROSN;60;11/12/24;170000;482.05;484.9;481.7;483.55;213607
ROSN;60;11/12/24;180000;483.7;485.95;483.6;484.8;264381
ROSN;60;11/12/24;190000;484.8;485.5;482;483.75;144164
ROSN;60;11/12/24;200000;482.35;485.35;480.85;483.85;156939
ROSN;60;11/12/24;210000;483.85;485.5;483.65;484.85;57873
ROSN;60;11/12/24;220000;484.7;485.8;484.65;485.75;60080
ROSN;60;11/12/24;230000;485.75;489;485.15;488.95;130791
ROSN;60;12/12/24;000000;488.95;490.2;486.9;488.75;183712
ROSN;60;12/12/24;110000;488.05;490.85;486.2;490.2;370096
ROSN;60;12/12/24;120000;490.2;490.7;488.2;489.55;387883
ROSN;60;12/12/24;130000;489.5;491.85;488.3;490.65;352176
ROSN;60;12/12/24;140000;490.65;493.95;488.35;489.55;770282
ROSN;60;12/12/24;150000;489.55;490.9;486.3;487.55;375042
ROSN;60;12/12/24;160000;487.55;489.85;487.55;489.4;216393
ROSN;60;12/12/24;170000;489.45;490.3;487.75;488.45;245394
ROSN;60;12/12/24;180000;488.5;488.5;484.2;484.25;387986
ROSN;60;12/12/24;190000;484.3;486.1;484.05;484.95;278254
ROSN;60;12/12/24;200000;485;489.15;484.35;487.7;283802
ROSN;60;12/12/24;210000;487.7;488.85;486.75;488.05;112406
ROSN;60;12/12/24;220000;488.2;488.6;486.85;487.3;86628
ROSN;60;12/12/24;230000;487.35;487.75;484.95;485.6;173580
ROSN;60;13/12/24;000000;485.6;486;485.25;485.45;73729
ROSN;60;13/12/24;110000;485.55;487.45;480.7;481.75;770111
ROSN;60;13/12/24;120000;481.8;483.7;476.2;477.7;800310
ROSN;60;13/12/24;130000;477.65;478;473;474.75;1103809
ROSN;60;13/12/24;140000;474.7;480.15;474.55;479.5;526395
ROSN;60;13/12/24;150000;479.45;480;476.05;479.5;333418
ROSN;60;13/12/24;160000;479.5;483.4;477.15;482.1;421775
ROSN;60;13/12/24;170000;482.2;487;480.45;486.7;1110657
ROSN;60;13/12/24;180000;486.7;487;484.5;485.65;263470
ROSN;60;13/12/24;190000;485.65;486.3;482.8;484.25;297950
ROSN;60;13/12/24;200000;484.25;484.5;483.15;483.5;90051
ROSN;60;13/12/24;210000;483.65;484.45;483.5;484.35;67671
ROSN;60;13/12/24;220000;484.35;484.45;483.6;483.65;47025
ROSN;60;13/12/24;230000;483.65;484.5;483.35;483.8;86573
ROSN;60;14/12/24;000000;483.75;484.05;483.4;483.65;104076
ROSN;60;16/12/24;110000;483.6;483.65;480.05;480.95;484518
ROSN;60;16/12/24;120000;481;481;478.15;478.85;338933
ROSN;60;16/12/24;130000;478.75;479;476.95;477.7;347261
ROSN;60;16/12/24;140000;477.7;477.95;475.7;475.9;241255
ROSN;60;16/12/24;150000;475.95;477.05;473.1;473.8;617308
ROSN;60;16/12/24;160000;473.85;476.75;473.45;475.35;278565
ROSN;60;16/12/24;170000;475.35;479.9;475.3;476.35;331479
ROSN;60;16/12/24;180000;476.45;478.05;474.15;474.7;259688
ROSN;60;16/12/24;190000;474.65;476.5;474.3;475.1;181546
ROSN;60;16/12/24;200000;475.95;476.4;474.6;474.65;156167
ROSN;60;16/12/24;210000;474.7;478;474.55;476;207690
ROSN;60;16/12/24;220000;476;477.55;475.85;476.3;100433
ROSN;60;16/12/24;230000;476.3;476.75;475.2;476.65;61633
ROSN;60;17/12/24;000000;476.6;477.5;476.35;477.4;62916
ROSN;60;17/12/24;110000;476.4;479.3;476.15;477.5;436036
ROSN;60;17/12/24;120000;477.5;478.25;475.5;477.65;331875
ROSN;60;17/12/24;130000;477.65;481.9;477.6;480.7;480512
ROSN;60;17/12/24;140000;480.7;481.5;477.7;479.1;208858
ROSN;60;17/12/24;150000;479.05;480.75;477;479.2;291932
ROSN;60;17/12/24;160000;479.15;480.05;478;479.95;219042
ROSN;60;17/12/24;170000;479.9;480.8;477.5;478.55;300150
ROSN;60;17/12/24;180000;478.55;480.95;477.75;480.15;237992
ROSN;60;17/12/24;190000;480.15;480.55;478;478.1;184451
ROSN;60;17/12/24;200000;478.5;480;478.1;480;82051
ROSN;60;17/12/24;210000;480;480.7;479.05;480.65;56518
ROSN;60;17/12/24;220000;480.65;480.95;480.6;480.7;81542
ROSN;60;17/12/24;230000;480.7;480.7;479.3;480.3;95331
ROSN;60;18/12/24;000000;480.3;481.05;480.25;480.65;40955
ROSN;60;18/12/24;110000;481.5;484.95;480.8;482.2;479371
ROSN;60;18/12/24;120000;482.3;482.5;479.35;480.25;505521
ROSN;60;18/12/24;130000;480.25;482.55;480.25;481.15;242089
ROSN;60;18/12/24;140000;481.3;481.7;480.1;481.55;270997
ROSN;60;18/12/24;150000;481.55;482.4;480.8;482;91018
ROSN;60;18/12/24;160000;482;482.9;480.95;481.3;151272
ROSN;60;18/12/24;170000;481.3;482.2;481;481.05;205281
ROSN;60;18/12/24;180000;481.05;482.4;481;482.1;166486
ROSN;60;18/12/24;190000;482.15;483.45;481.7;483.45;282273
ROSN;60;18/12/24;200000;483.6;485.4;483.05;485.4;264909
ROSN;60;18/12/24;210000;485.4;485.55;484.5;485.3;173940
ROSN;60;18/12/24;220000;485.35;489.65;485;488.4;346468
ROSN;60;18/12/24;230000;488.4;489.9;487.95;488.4;114140
ROSN;60;19/12/24;000000;488.5;489;487.5;487.7;82267
ROSN;60;19/12/24;110000;489.1;491;485.7;488.65;683313
ROSN;60;19/12/24;120000;488.65;491.9;488;491.8;493783
ROSN;60;19/12/24;130000;491.8;494.5;490.5;493.25;814659
ROSN;60;19/12/24;140000;493.25;495.55;492.3;495.3;642550
ROSN;60;19/12/24;150000;495.25;495.35;491.6;494.35;808205
ROSN;60;19/12/24;160000;494.35;499.7;492.05;499.45;2223440
ROSN;60;19/12/24;170000;499.4;499.8;494.4;496.55;798630
ROSN;60;19/12/24;180000;496.55;506.5;496.55;502.05;1655348
ROSN;60;19/12/24;190000;502.15;506.4;499.25;506.4;1319689
ROSN;60;19/12/24;200000;505.1;505.45;502.25;504.3;707986
ROSN;60;19/12/24;210000;504.25;506;503.7;505;212844
ROSN;60;19/12/24;220000;504.9;505.75;503.95;504.95;144862
ROSN;60;19/12/24;230000;504.95;505.5;504.5;504.8;66098
ROSN;60;20/12/24;000000;504.8;507.7;504.7;506.15;192553
ROSN;60;20/12/24;110000;506.2;510.95;503.9;503.9;1465075
ROSN;60;20/12/24;120000;503.95;505.9;501;505.75;1150273
ROSN;60;20/12/24;130000;505.7;509.5;503.3;508.4;702179
ROSN;60;20/12/24;140000;508.4;535.1;507.2;527.25;2511932
ROSN;60;20/12/24;150000;527.25;536;526.8;535;1616417
ROSN;60;20/12/24;160000;534.95;557.55;532.2;550.6;3029887
ROSN;60;20/12/24;170000;550.6;566.05;548.55;561.45;3252517
ROSN;60;20/12/24;180000;561.5;566.45;558.05;558.65;2123381
ROSN;60;20/12/24;190000;558.65;566;557.45;562.5;1199345
ROSN;60;20/12/24;200000;562.2;562.5;550.65;552.2;1042620
ROSN;60;20/12/24;210000;552.4;555.35;551.15;555.35;329346
ROSN;60;20/12/24;220000;555.35;559.85;555.25;558.8;301451
ROSN;60;20/12/24;230000;558.9;563;557.7;560.75;306111
ROSN;60;21/12/24;000000;560.95;562.5;558.3;559.6;248491
ROSN;60;23/12/24;110000;562.2;571;560.5;570.3;2312021
ROSN;60;23/12/24;120000;570.3;579;570;574.8;2174538
ROSN;60;23/12/24;130000;574.85;577.25;572;575;952348
ROSN;60;23/12/24;140000;575;583.45;574.9;581.45;1423905
ROSN;60;23/12/24;150000;581.45;586.4;576.15;576.7;1782857
ROSN;60;23/12/24;160000;576.75;578.7;571;576.95;1613027
ROSN;60;23/12/24;170000;577;584;576.95;582.95;1055346
ROSN;60;23/12/24;180000;582.65;584.25;572.45;573.8;741776
ROSN;60;23/12/24;190000;573.7;575.05;572;574;299915
ROSN;60;23/12/24;200000;573.55;575.15;570.2;571;372540
ROSN;60;23/12/24;210000;570.9;573.2;570.05;572.25;196266
ROSN;60;23/12/24;220000;572.2;574.95;572.2;573.9;98470
ROSN;60;23/12/24;230000;573.9;574.5;573.65;574;85538
ROSN;60;24/12/24;000000;574.05;575;567;569.9;339936
ROSN;60;24/12/24;110000;570.5;582;566.65;577.1;1947508
ROSN;60;24/12/24;120000;577.05;579;572.05;578.7;920328
ROSN;60;24/12/24;130000;578.7;580;575.6;575.65;481919
ROSN;60;24/12/24;140000;575.65;578.5;574.05;577.45;327211
ROSN;60;24/12/24;150000;577.3;579.4;577;578.1;413165
ROSN;60;24/12/24;160000;578.2;579.65;575;578.45;575496
ROSN;60;24/12/24;170000;578.45;578.7;575;575.25;448582
ROSN;60;24/12/24;180000;575.25;578;574.5;575.7;458093
ROSN;60;24/12/24;190000;575.6;576.4;571.5;574.5;299288
ROSN;60;24/12/24;200000;573.65;574.15;572;572.15;110523
ROSN;60;24/12/24;210000;572.3;573.85;571;572.65;110219
ROSN;60;24/12/24;220000;572.65;573.6;572.35;573.45;67055
ROSN;60;24/12/24;230000;573.45;573.65;572.15;573.35;64094
ROSN;60;25/12/24;000000;573.5;573.95;572.2;572.7;50346
ROSN;60;25/12/24;110000;572.5;576;570;570.75;658720
ROSN;60;25/12/24;120000;570.75;570.95;565.5;569.85;1204959
ROSN;60;25/12/24;130000;569.8;578;569.25;575.85;1329293
ROSN;60;25/12/24;140000;575.95;579;574.7;578.95;625361
ROSN;60;25/12/24;150000;578.9;580;577.75;579.9;755600
ROSN;60;25/12/24;160000;579.8;584;579.05;583.15;734657
ROSN;60;25/12/24;170000;583.1;585;582.45;583.3;559204
ROSN;60;25/12/24;180000;583.3;584;576.15;577.3;845366
ROSN;60;25/12/24;190000;577.4;579.5;577;579;263830
ROSN;60;25/12/24;200000;580;582.85;579.5;579.55;225038
ROSN;60;25/12/24;210000;579.55;582.55;579.5;581;96526
ROSN;60;25/12/24;220000;581;582.3;579.85;582.1;91131
ROSN;60;25/12/24;230000;582.1;582.4;581.1;582.3;77519
ROSN;60;26/12/24;000000;582.25;582.3;581.55;581.95;72799
ROSN;60;26/12/24;110000;583.7;588.95;581.4;587;831965
ROSN;60;26/12/24;120000;587.1;587.85;581.85;583.6;653507
ROSN;60;26/12/24;130000;583.6;585;583.5;584.35;291321
ROSN;60;26/12/24;140000;584.35;585.9;584;584.5;285629
ROSN;60;26/12/24;150000;584.55;584.55;581.05;584;648772
ROSN;60;26/12/24;160000;584.05;584.6;583;584.05;548122
ROSN;60;26/12/24;170000;584;585.3;579;580.65;621696
ROSN;60;26/12/24;180000;580.7;583.6;578.1;581.15;386048
ROSN;60;26/12/24;190000;581.15;581.5;579.15;579.15;154659
ROSN;60;26/12/24;200000;579.2;581.3;579.2;580.45;99456
ROSN;60;26/12/24;210000;580.45;580.6;578.3;578.3;142588
ROSN;60;26/12/24;220000;578.35;579.95;578.3;579.15;81167
ROSN;60;26/12/24;230000;579.15;581.5;578.45;579.35;200786
ROSN;60;27/12/24;000000;579.2;579.65;578.75;579.1;56260
ROSN;60;27/12/24;110000;579.15;582.5;577.35;580.8;443436
ROSN;60;27/12/24;120000;580.65;586.95;580.05;584.85;699292
ROSN;60;27/12/24;130000;584.75;589;584.7;589;969474
ROSN;60;27/12/24;140000;588.95;591.95;588.75;590.95;1635326
ROSN;60;27/12/24;150000;590.95;594.9;590.4;594.55;1374097
ROSN;60;27/12/24;160000;594.55;595;592.25;594.7;1925638
ROSN;60;27/12/24;170000;594.7;598.8;594.35;595.9;1678189
ROSN;60;27/12/24;180000;595.9;595.9;589.2;589.85;1546513
ROSN;60;27/12/24;190000;589.85;591.25;589.8;590.5;267900
ROSN;60;27/12/24;200000;590.5;592.7;589.8;592.05;204199
ROSN;60;27/12/24;210000;592.05;594.25;591.35;592.9;342316
ROSN;60;27/12/24;220000;592.85;594.9;592.85;593.3;145243
ROSN;60;27/12/24;230000;593.3;593.85;590.2;590.7;259853
ROSN;60;28/12/24;000000;590.65;591.9;590.15;591;131091
ROSN;60;28/12/24;110000;592.1;597.75;591.5;595;858982
ROSN;60;28/12/24;120000;595.1;598.25;594.6;596.2;916964
ROSN;60;28/12/24;130000;596.2;598;595.5;597;544203
ROSN;60;28/12/24;140000;597;597.5;595.55;596.2;469209
ROSN;60;28/12/24;150000;596.2;597.95;596;597.7;411043
ROSN;60;28/12/24;160000;597.55;597.9;594.5;595.4;471026
ROSN;60;28/12/24;170000;595.45;596.4;592.2;593.1;418431
ROSN;60;28/12/24;180000;592.85;595.5;592.3;594.05;363362
ROSN;60;28/12/24;190000;594.05;594.8;593.15;594.6;131860
ROSN;60;28/12/24;200000;594.4;596.5;594.4;595.55;130642
ROSN;60;28/12/24;210000;595.55;596.15;594.15;596.1;109603
ROSN;60;28/12/24;220000;596.1;596.85;595.8;596.1;88948
ROSN;60;28/12/24;230000;596;596.65;595.2;595.55;91792
ROSN;60;29/12/24;000000;595.75;596.2;595.55;596;114577
ROSN;60;30/12/24;110000;597;599.8;595.05;598.55;1030134
ROSN;60;30/12/24;120000;598.55;599.75;597.2;599;534943
ROSN;60;30/12/24;130000;599;601.7;597.95;599.8;906210
ROSN;60;30/12/24;140000;599.8;601.15;598.6;601.15;421592
ROSN;60;30/12/24;150000;601.15;604.95;600.5;604.6;799336
ROSN;60;30/12/24;160000;604.65;607.95;603.5;606.35;870770
ROSN;60;30/12/24;170000;606.25;606.35;598.8;602;596936
ROSN;60;30/12/24;180000;601.95;606.5;601.2;606.25;383343
ROSN;60;30/12/24;190000;606.1;607.65;604.5;605.6;413492
ROSN;60;30/12/24;200000;605.6;605.75;604;605.2;134318
ROSN;60;30/12/24;210000;605.3;605.5;604.4;605.45;113169
ROSN;60;30/12/24;220000;605.45;606.4;604.8;606.1;159917
ROSN;60;30/12/24;230000;606.15;607.5;605.45;605.75;201375
ROSN;60;31/12/24;000000;605.7;606.95;605;606.05;201763
